payment_id,customer_id
YAOYT3Q1Q7,Q9SAQH36TO
EX2XJYCEAS,KKVJBOFBSD
F1ZY4XA4NL,CXMWU4JPKK
RDHHXK85QY,4HU8U8JU53
S9IF448HFU,CH3RC5AHKB
HZ7BIAQ3YM,KPLZRH5L6S
L5SGOQK612,S3PLZD7VC6
XM7IREQ8E4,7JTE1ZGDRY
GQEK7WKPRG,RPSR5GHU1B
3P1LA1RJNI,PNFI5WEGMW
ZQZ0K3P72L,U6GZ4QHCAP
D4LISFO96J,GAXXR7QI1V
OD9W7KD7OP,98UAWR5ANB
6UJ6QO3LNE,TA6NK236SS
67066UDO8Q,QMYPRWU142
YCCRH96ELL,F7I9G9VBSZ
R4GDOM5I0O,21DHW37GLN
RGFN5RE9G8,XAGBVUH0XO
190NSOU3AI,Z5LXYA5S3S
IBT625Y0V2,Z8P8A5SXDH
BUQJ92181C,5K9DLBTA8W
SGUTZ5MAY9,9QHIS5347H
SP5OB751DV,NKU39IANYY
551FCVQ4SY,ZZN6KBC20Y
17E6XS9A3T,3SHKUQCHP2
F6S2R8Z69E,H7JAT64W55
NL7F3G03YV,8U6UPW3ZOI
EOBMF46GYS,ZG4PLEIEPG
19O6YFJZXZ,TBLV7JW3LM
RJUFWCLPHK,ECRUGRIQVU
5RUR2GRMK1,HEZHXQJVA2
44LKL0LIC1,Q2XEBTV655
RMQFK4FZAJ,QLYUL1IDP3
OW3DQN9DHO,OOC15BIEPN
4DT33NXMNR,PDACDUW9R7
JPZ3XNU33C,XL2XED2YVI
DZD333K9S0,FEHB00UGGS
O57EV4QFVJ,X21FTWA4WP
XRFL4Y7IZY,TE14EVG8PQ
4L4H4KKGNO,Q56XAPPETE
66M7A6VSIT,HTC5XCX9Q6
C4QOF739P9,QTVU5RUCID
EER3YJ60TT,3SHKUQCHP2
TXPG5FWUVX,70H8VHTO5M
DFFDR684K0,DLU5U5SWVE
L752VF32Q5,75KDXAVIX0
BYWBZUO1JN,SOQU6RL6JD
O61ESS4TAY,75KDXAVIX0
34F127JNUO,OTGC34J4BI
TTQW66U54Z,TD5JO2Q0UU
RYJUMNWNFR,O6JCPPJTRW
LVRFW2EQ09,5UJQSMH9ZK
OJBZWZH2ZN,7ENH2VZ6AJ
B4JQQMPD1L,Q2V4XM2JQL
OE0ZIMFISH,LR1SIO46WA
A2RK59TVGM,CFX172E55M
OCHWN0R8AK,SQ24SC0YR2
TODFW4XSM7,KJ5IUXZD9T
DNAYUMYGB8,OOC15BIEPN
9ITS4B7C57,O1876EYEJ8
MYCZAG04OZ,PQNYO55JLY
7PJPPRFK1S,XRSIDTQY2N
RZF5JW952Q,WJS93BWZ5H
NPKYYQA0H9,VGBDQ8WM44
QKQC3RSUHF,HTC5XCX9Q6
HOY28BOMWN,IB2I920IFI
O3GG439EAA,KGJLH1JEA2
FVW7UM39YZ,FF9YXNUQTL
9TQXH5UKDE,TA6NK236SS
56496RTVW5,FEHB00UGGS
R7RPWTQCWP,PUZ69UMRF4
032DTS08AP,PXWRG4ADJ6
WSDYEHDZTM,4DE0JW3LW2
XH8GCXXOOO,DNHQQSKU29
1R0LNZ687P,EV1Y6COB3O
ZM0U5DG2JX,TE14EVG8PQ
AXJV81Y1TW,8SACK64J71
0IRUGIOGKG,7JDEQ57CBT
1R6BGKC67I,BZVKNAN4GC
IISI5ZW2OT,XH25PEAOLK
VA34OVYTBC,KT5P4XHYC8
CUFIDUQVIM,LTLUIII6SK
7N3VQ6A1XQ,PUZ69UMRF4
IP8IW8ZDZH,M4IC2OWMQP
GO330I6AR2,D4HGPA114N
5V2K9FTJFK,C9GZDNE5R3
S6JMTZFVDF,2VVLESC1FA
LLLRVTS2GW,QLYUL1IDP3
JI7KZPZ0WH,51OLEA4NYR
HY36H4L65C,BK8E5BGUG9
IFU7VJF7XI,9Q9G3TC8H1
86ZXZ7J39A,2RTKMROPF4
8BN0UJ8HW8,J3VOWI3L1X
XCKE3DIY41,Y8YA32816N
V60C53NPJ7,DKLEZDNIP3
B8I77472Z5,RAUU1EQ6DE
Y32E18WMWT,Q4JI26YUEN
UXKNA7E1KL,PWO2MDRTZM
NOO2H3Z10K,DLHSZGPX54
6Y5NUYCGFF,5K9DLBTA8W
QAQLS3RC3E,6MTR9KFL6Q
FBUOUJPV8M,9YNO1XLUA1
4EQZTHI0NY,1EQUXF306C
WKT4HYO6H0,F0FFCZRHRI
3IQFYYU7LA,TX9ES3W16H
FN8H8TM3LZ,UIYSUFHEIE
UGJFHULOS5,L5DX3SETO8
38SHB5DBCG,28UWLOQU4P
W6RAH4D6IF,LYT1BFTM6D
58JYIELAQ3,CFX172E55M
UQCSLFD39Y,6U48NF6UPU
VJSWZFNH0U,0SA7ZQ19IF
JY0RBSSNCI,E1RAN7JL40
GRHCGKH2E4,D7Q0ZXUNAT
Q2C9DKL9AW,WP6MD6603J
E6L5ZS48C0,TZJWG0NB2H
ZGG61QYQ6H,J8V5KWFUUE
I8IP0WUZ13,TX9ES3W16H
LQG1QLOF2I,RF124W015B
3FTWW5BXA4,1EJOAA3WK3
HS9Q7E3EYT,MQGS43S9JA
XENVWQBVPW,4ACMEMAXYX
RPZIDLPZIO,L1P8SG9FH7
N3FK6DW8V1,X60JCMZCPF
41PDOUXJML,RAUU1EQ6DE
HZ3N0M4YOH,C5OPT0ZRQM
UUKTJ6F9XY,GV4KIGIXN5
V7QJTXLR1J,TE4R2T3Y24
2NPJ9PGDX9,ZEYO8JW6BI
WU1RHRIT2E,U33EGQO9N4
WSDGD1TG8R,79P97F1OJ6
9XVFHWHQ8T,EF9FXYL2IO
WIYEUCZSG2,UBX5XMO9P9
ZDL474S16K,TJ7HJ0PR82
1GBGTERBB3,TD5JO2Q0UU
XTQ1W6NEG0,CAKNOCMIKF
5C48B0W79R,VH5NJEKR57
ZW0RI43VLU,GAXXR7QI1V
C7U09E2622,5MSQS3BSV6
AYT5S4ZQPA,Q9SAQH36TO
6W0DI8KUSA,Z8J2DGBV50
AH9VCVRO3I,JM4WZCGJ0R
RX9CZ749ZH,J8V5KWFUUE
GK1SAFNSX4,H6S7WNX1PL
YZI394HS85,8XHRA8VY0K
EXSK2RZDNS,3SHKUQCHP2
DSFQJAIVQQ,67L8M0RYDE
0MVV5GAWR9,GV4KIGIXN5
O723LU0YBG,6U48NF6UPU
5DZMPBV9L1,N3B9ZIOVD2
TPPIZYF9RR,YZA1JQ1YTD
PDRDNFCVZU,MD7EVE6PXY
4V9VMTZULF,7ENH2VZ6AJ
MMU7K6QDIB,X60JCMZCPF
4VFA1Y4HCZ,Z15FVB5AZ7
M6MFOF3D5W,N7S0OONGRF
316ZN17TZO,F1Y58CA6UV
3TZ2A5GPQM,20TN95WA52
LPDFS3DJ3J,F7I9G9VBSZ
A30E4QN18N,1MU4KLM4WK
Y8KFQNG4M3,LZGGQFF20O
SD4VU1F5M6,DYI05ZZ985
M3LM3P3WN6,6XPRYDUFLB
SR39H65NYQ,98UAWR5ANB
7Z1GOFL1WW,2VVLESC1FA
WJDOWZQBD4,21DHW37GLN
N2AO7OCCZX,0AC1GPGLZL
XZ05547AP8,8CE5OXFFFF
4HWCMC5LF7,RXA5KRWZQT
FRSTLY8LZ9,XRSIDTQY2N
DIMEUF271A,O4K2USN6NK
B16IEC2OU4,75EA0V96AL
ZGWS41ZERJ,VDCXBG6YOR
NOI4DAH1V1,WSWO0H5BO5
31XC9ZELJH,HMMC92FNYM
D2C0XIR6FL,H5XDYHUS8J
401A3QNUP7,HBC35SDTHI
R3O4D7DFNQ,RS2CAWY3US
3IHEMRTISU,1IJQR1MEEG
6VP8F1DA2F,K15CUKFP0U
M0VZ3QJ00C,FVOU2BLRQC
SE0NEZZWKX,7JDEQ57CBT
WY1PERCNRR,COTRWTLT9G
N50AW0PRR5,4UKA0ZCIG0
G0E29Y194O,GLHCG325FM
9B94K5ZXEQ,K9UVF46YE4
T6OUNJ2VWA,94UO1KXMZL
C8A1YYBQ4G,HRB8UTA3CY
8B9ROJNLKO,UDGZFBFSQ6
ZDJYDWUJGA,NTH17K59IU
VUXU3HUIWY,Q9SAQH36TO
PIK0QXDLX9,35QAB5AR37
2DH8A1OQG7,SRXZZLKVUX
KKCHYMSGDM,8P76KRJ68R
0L8K45DSY4,H15MKUR37L
Q6BKLUXO4M,0CLRQ1LX43
E6F8BNB3YI,SQ24SC0YR2
4K9O6ZIT1R,TZZ0ATRCBO
O7U0EZ934O,60W2A9WZCH
87GSD6QB25,5ZN67IIMH4
RGAP4VV03P,MR7Y0JVNB8
SMCIXE83UL,3Z59HLXYA1
HVQBWNDZOS,5MSQS3BSV6
DSBEDELM6X,J613BXKUT1
7H2OWDU8SW,6GIMYV00DY
D4OY7P2K15,BROEDS7IO2
ACWNVUP75N,SCXHVIBQ2T
K87CY7CDNP,E1RAN7JL40
P89OR2HRRT,IX7AZI8M7L
E29KLVFZL7,3Z59HLXYA1
91V12BU6V6,HF6V28SD33
33HBIDUHMP,8SZ76JX178
DJDJMC2EHB,DNHQQSKU29
8OSITCC2OC,09DK890FQB
Q2YBA1Q3ZY,I9REV1RUV0
KS0BRH6D6F,Z2728J1Q35
L58B2LXT3N,J8Y8WLRMRA
RGKPG67D3G,J613BXKUT1
3PUGTSZ5UL,S0TMHP6FMI
MWKE17XXWZ,PIZ0NXCQ9C
763C2IZGYC,98ISEDXVV7
WYLIEL6TM7,GAXXR7QI1V
4TD9YWMUB6,7A8PN3SJ6Y
5M3I2N4JOP,K43LWS9DSD
7WYJ2EUO9X,1IJQR1MEEG
VOLYZV8C0I,TSNC47F63K
53RGGTCXCB,P4YX5DF0PV
NSUBAG3TUZ,IWNAAUTZG1
LQ1DZK7RHT,WQIADI1S2N
BS59GG2KAD,1IJQR1MEEG
KK1VMZCM43,4FGJD9CVK1
5FQPLK2HV4,OIZP68WHUW
545Z1DT45W,H1AZ7J5D6S
8PYJMTCV52,LBTFYG9CBC
AUITESPF9G,BZVKNAN4GC
5JC69THVRD,5W6R9C8TPB
9HETN87PTP,4UKA0ZCIG0
TMHQRMWQWC,HRB8UTA3CY
HE7LL9CUNS,YEQ5YRZC4E
7YDG36SGB6,0CLRQ1LX43
CK9RQD57UB,4ACMEMAXYX
SO4O0V7LEU,UGFF3AGC0Y
XLAS38V3X7,63D2JI1U23
HYI0JZZHXA,H05X8STE2N
CH7I87KCR2,21DHW37GLN
C2JQQNX250,LDL47MH5D5
0KVGXH6MVA,7SRKAHBJ9Y
FP2EE4LN2P,D4HGPA114N
ZXI1P7H3ZQ,VHDYXIALA1
M82A34LKNZ,OIZP68WHUW
GS48JCU0HP,GQLRM6NT3Y
5KQ6C6D47C,LSD5J1EL2V
ZKEUH8LB1C,J3VOWI3L1X
K6EP6CWAM1,CAKNOCMIKF
P4QZKLSQOZ,KGJLH1JEA2
RLNW1ZU3LU,7SRKAHBJ9Y
WUTQT9X8WM,OTGC34J4BI
Z04C0CHH7A,0XSIP035ED
5CP1CP07MV,FSG6JL36ZU
59EP5CF1GR,RAUU1EQ6DE
F6T4NEHIWD,XH25PEAOLK
JTNIYJCL0U,SOQU6RL6JD
0M0TLIQYP3,HF6V28SD33
WTWJ0TRH2Q,Q2V4XM2JQL
78SX6R93YH,1H99THV9XZ
PC3G53FP13,TZJWG0NB2H
GCJ0T5QSAF,6MTR9KFL6Q
XEOBWWSPEO,75KDXAVIX0
Q4ZT3O28UO,81O4M187XM
L8K1UDDUA0,0SA7ZQ19IF
66CDGL0S9R,YZA1JQ1YTD
5FPAIQCKJZ,J8Y8WLRMRA
A6AXR186BY,LS9X7TB40X
ZVUG731SQN,07CLRDLFGZ
GZWEJ5F884,52IUZDU5XW
0IBXV1BK5E,FKDRUW596H
274Y9WHX1Y,TAFAOO2JQB
AKRCN7EGCG,JEILBAQKWA
78OHZA66ZO,5YVF0HX48M
4WZ43AORGN,R1E5MHP1AA
UWZ96QHMH7,LZGGQFF20O
RKJBNMBR2A,ZNEKFZ94FA
5WGAC5UO2Z,5O4D7KZYOD
OZMI3CPR8F,PQNYO55JLY
GIW5CDZDF0,S3PLZD7VC6
4UUPZ56C4R,1IJQR1MEEG
SONXF0EHJ6,REIQPNGOB9
MOROV74O0A,4HU8U8JU53
MIURI6MAVQ,8VVZYNRJXL
FISPQZ940N,5MSQS3BSV6
RC9PIWV9G9,29PKB3CNAS
YQ4DP5SY3X,TFDD6CMXHK
OFOW4TQKFQ,PJDXGWVZ3A
67B01JCMIT,REIQPNGOB9
RP15JBEJC2,TZJWG0NB2H
LLM92DFGQ8,XB5KLDO7PF
M9HTEBH0MT,GLHCG325FM
VRHDHA0ZAP,MWVO8S3C1F
82ALX53962,QMYPRWU142
FOJI4FM2QR,R2E2N0B5GM
H0C0VEIS1D,87NMX7OOI5
H9VTHSJW10,LS9X7TB40X
D31EZYUTN1,BZ0LFDS4ZI
34D8CAKS12,QWSPC5UJMI
SML7WUJ8AP,7ENH2VZ6AJ
KGS46HNEU3,PNFI5WEGMW
RT9B8GWCBQ,L1P8SG9FH7
IM429LKIWS,BV9YB1QQ22
PA3G5TGOK6,H1AZ7J5D6S
TY56NBYPBR,XZFOZVPB0D
8UYQSR10T2,9NPZR6930W
ORT50KG7XD,04T2QGT3JB
K20B4GUN65,RF124W015B
GXM6DY3ADP,HCDEHNUXI3
UA1DYL4K60,191RX0LXG2
4N2PSUNN2H,5ACRQC4EGV
DAZLI1QT5Z,98ISEDXVV7
68N82GQZI0,BLCP042TOX
PINZY9L9NV,Y33Z0A3LF4
LT3EGEM4UL,GAXXR7QI1V
BWFG193T7C,TSNC47F63K
ZR7GC7MXEW,6MTR9KFL6Q
WFRQA12J08,K15CUKFP0U
FYDQV3USUD,TQ90N58QRR
BJ5JXOVVZH,ULZXB6EYDA
5SW6FOG8IC,8SZ76JX178
KKCLGYT9GU,HEZHXQJVA2
1IMLG5OP9L,GV4KIGIXN5
IGXDOBIF4W,75EA0V96AL
7E6ND7AYQN,FTVVTCRGZP
6YCWVWCKDS,I9TVN1P15X
L2I1YTD7HS,N7S0OONGRF
0Y8AVWNMZW,0AC1GPGLZL
AIWXYU5KK6,R06WPS78BU
0KY60TUNYN,NTH17K59IU
MMILOY8BXA,D7Q0ZXUNAT
YB2WFEINXW,JHOCF4GGOE
ZOSOOVF445,98ISEDXVV7
RVRFPWGNFX,7K0DPQ9Z13
H3V1BTJ93P,D7Q0ZXUNAT
YA6KQV0U6Q,EVJGXO2JE3
G1323QZC3J,HCDEHNUXI3
UK89P8UBJ9,U4DKD379L0
WG377B9AUN,Z8P6N36GRI
OFVZR1I8X6,9IEA9YFSEI
JIAUMHHUAJ,KHWMIGHNCR
M25H3FT9FF,WFXK3YEZQ7
2UDWP9Q7QP,75EA0V96AL
SHLY5ILF7R,YO1XUR9LCB
T6K9O3G02W,9YNO1XLUA1
LSSWT7FSUZ,WQIADI1S2N
LFCHAYS6D9,SQ24SC0YR2
X6384NQRXG,8SACK64J71
Q12FTC23WG,RAUU1EQ6DE
J0LGEXOXY5,JM4WZCGJ0R
AIG942C6QH,9NPZR6930W
GESL1K558E,HGZ2WWEUJI
EIOTHBPLR3,81O4M187XM
ZLTAD2EL2J,WSWO0H5BO5
YMKRI4GL2C,EEOKS99Y6R
XP9FARXJ0X,J3VOWI3L1X
D5RC6211MR,D7Q0ZXUNAT
Q3AD1HKIKI,39J677COIK
DAC96MJXK6,7A8PN3SJ6Y
D93F04F6WQ,D7Q0ZXUNAT
5KIB2GUCPM,P4YX5DF0PV
NGV9K1TKEB,P8IACHEA70
T7GWQDENF0,HF6V28SD33
HJQWBZFB74,BJ93CYS7O6
D66IF081N9,S0TMHP6FMI
B45VLYVOPY,HGESIZ9985
3QHPG8Y8S4,VH5NJEKR57
5N5CAWJQ85,8GBD57JBM1
NX3LFYG21C,QLYUL1IDP3
G2OBG41FNB,JT29T7HW5G
IV416BIANL,O05JQPQ8TQ
R11S72PJ5L,WJS93BWZ5H
CSHQ6ACO8N,LWPLMUGM39
J4JI3BH0M1,70H8VHTO5M
9EV3LVEMPU,5ZN67IIMH4
XT6LH0OVKZ,FT1CUFHUEP
YJ1ECYMJQ5,0JGRKLH5RP
A48DE5R1AX,8XHRA8VY0K
WWUA5MAJ27,I1Z7FB5JIA
I93Y75PY4S,KT5P4XHYC8
9BD7PORSIK,KKVJBOFBSD
15ZRMHUCEM,98ISEDXVV7
F844GXIW0M,6JO34AILKU
JJY99BO31S,EFY2GPXZ0I
0YS9P0R113,Z8P8A5SXDH
RFUCZM4FFL,3XVHJ8A7TL
KF7Q99JZRE,ZZMFKWN47D
CCA6QQJH65,K15CUKFP0U
7NR6BUZI7O,MFUJ6DBMZK
MLAC4709B2,X3LKVAH5BE
QTGNC3NIFC,6THK94FG5B
SDFPEPNX87,GZWCWEPGFP
CS04870PM6,LSD5J1EL2V
AGQVV8M1IZ,HTC5XCX9Q6
812YC2GCW8,SZYEFUKLSG
2NV7N6FQV3,SRXZZLKVUX
6U24OHOCUQ,9NPZR6930W
X0D1TLESOI,DNHQQSKU29
YUI5NWKG8K,H47C31061I
W7028ZEVEO,WP6MD6603J
QZJ7LORA92,TZJWG0NB2H
OEGHAQ1DPH,UBX5XMO9P9
8AGE6322PR,8NY1YDGNT0
VL7L9N0UC9,SIY8ML9BLG
V07OUUENHF,05N28JXZDH
31NYR75TA5,TFDD6CMXHK
Y7NM512JKP,KHWMIGHNCR
WJHNX6J7X0,FVOU2BLRQC
RTH6CFXNV3,WFXK3YEZQ7
8I84PU77S3,REIQPNGOB9
FRS9CUJ2EC,04T2QGT3JB
O80HOWDPZX,HGESIZ9985
G4STHMLFZ7,PXWRG4ADJ6
H9C1UPDFCB,GV4KIGIXN5
2Y6MO0THW6,YX42F4GJJC
2FFX8JIPXP,4Z74NNU02A
T7IKVFGB7Q,FVOU2BLRQC
GC0G2XTUVT,SIY8ML9BLG
8D62LE88K1,YEMV9KV8Y9
L1RF5WFO24,TOKFDZ3SXM
YKN81QLDFD,RWX2C9S1BO
30LEBMOQIR,6OX3YZRFPK
YG8IR9I7BL,GAXXR7QI1V
F8TVOYHH72,HH8T3RR3DO
E2VBW7DTE1,5MSQS3BSV6
QWTX7W78OS,94UO1KXMZL
X4KIQ6HOW7,5ZN67IIMH4
BKX0O272ML,REIQPNGOB9
3XRDO133Y7,UJB0PQTT2I
DLJZX5MOHD,KGJLH1JEA2
S20WZB2VP4,63D2JI1U23
WBYYVDUMAG,ZEYO8JW6BI
63FVI5QP91,9QHIS5347H
YT42Z6TK6F,KPLZRH5L6S
V2XE62228M,DYI05ZZ985
GD0AGBZJM4,2JSZURIWO8
K68AJG27PL,O2HZKQIN94
2TON6MF56W,UIYSUFHEIE
JQLUQVYA4V,SQ24SC0YR2
7FJ3CKMUMD,6THK94FG5B
ADIPU30GHJ,Q56XAPPETE
QNUAQR8WYD,2CFV3F0XN0
043H5HA8XV,PNFI5WEGMW
HOMCNL8PJ9,6SM3DTRQIG
BLJX11JBQZ,NKU39IANYY
V1Q3Z3416O,E84GNA7OBD
CRTUEIO1XF,1U8Q97OEX8
ZBOFX8DPYO,ECRUGRIQVU
W03RXECPVC,N43HH2NNOY
J0ARAAXTFD,E84GNA7OBD
6CMCBMG9ZD,0CLRQ1LX43
IT0K1MNG15,KJ5IUXZD9T
3E8I5W2SHX,RLMFQSM4KR
VAKKLKVZOK,3JOEXAB9E8
H03G2RKR7K,KT5P4XHYC8
MQI25AKKKI,QC1H2VQMY5
CV02YHW8UB,UDGZFBFSQ6
GNS9QJ5HZJ,XM8MF5J8NI
KPFBIU63S7,98UAWR5ANB
IPBPHDQ28Z,4DE0JW3LW2
3ISY49H6AA,1X4423D91Y
0BBHLAJXOF,7084D3IRMY
65IIW5CWUM,20TN95WA52
9QZ82OCTEY,Z15FVB5AZ7
OP9AX8GDT7,WONDPBT7UP
PVZFM21Z27,3X5QKAZGXH
UVJQ9P0HZZ,JT29T7HW5G
08ND1586Y0,F0FFCZRHRI
ZT1CS7JM9J,X60JCMZCPF
AJ0VQ53BDZ,M1CWKFY75A
KXGKQJQORQ,VPCOA4FZUK
NSCAGRZC7U,8P76KRJ68R
O7EUP39GN1,ELAEBJK44J
Z3NPPD5AZN,8XHRA8VY0K
SIZGO4XKN0,OMA3ST7YPY
V6R22EZNTZ,Z5LXYA5S3S
1VE97HCT8R,WONDPBT7UP
PZ43FWD5J9,0OC726I5VC
ZC6M440M7B,AV46LD77LO
ZSVC0B8S0C,PQNYO55JLY
0G1LVBQJ27,21DHW37GLN
BIYY2I0P9I,Z2728J1Q35
9YUVPHWJQC,JOL09FJZ0T
95NN0SUXKT,XM8MF5J8NI
L4AM5SXTDX,DYI05ZZ985
ROGZIJ76O6,UX5WP1T8IU
5JL5MJBZIR,6OX3YZRFPK
7I46ZMKTFB,A8195344SY
60WP2F2OM1,M4IC2OWMQP
9S3GDX1EYX,9FV24OB3YR
DEYPKLRGZA,PWO2MDRTZM
ZYSSNYYWU4,XL2XED2YVI
LURTZ0ALBW,CWNPJ8IX6P
CHE58MOXB7,HTC5XCX9Q6
2N2KU008YW,5YVF0HX48M
BFFI2XNUYW,WP6MD6603J
YBWR9HXPI7,SCXHVIBQ2T
QTTAYFPEUN,CQQ8C2VG4G
GFVKFJHJMQ,Z8J2DGBV50
82Z7GKUMB1,2JSZURIWO8
91DRQ67ZR1,LYT1BFTM6D
1GQ1LYVIT6,4G14CFFP3K
TN0P125YNH,WQIADI1S2N
TN9S8G97UX,OJVBYXRRGO
77R0J3XLVY,9UYPD26TOK
LOTE8M18VJ,JHOCF4GGOE
9AL9VHVAEC,CFX172E55M
RH24QLZF8K,Q2XEBTV655
CYWPEMM12E,M9BJA9VKFZ
QD890VQWU7,J3VOWI3L1X
WIKRIHRXNK,8VVZYNRJXL
DED30K452J,KODO0WIY85
4RC0SDEJID,0CLRQ1LX43
TUVMO1Q7XS,H1AZ7J5D6S
OY8CV712ZJ,29PKB3CNAS
TWCA1N1SFL,7SRKAHBJ9Y
BS261JFVZH,4UKA0ZCIG0
Q0AWC0EVV3,YO1XUR9LCB
F9ISMVG6TK,BLCP042TOX
T7IVHZ7YRZ,52IUZDU5XW
UKJYSJTIBE,VN3V5DNILG
O99HV8PQ9G,QN0M6RW5QL
XIV9J69SVM,F51ZGTXYWM
X50VEQPTHN,LKZCHPIS49
PCE6BU4AK2,PLI2MP2LCA
MKBUEWA4SG,PUZ69UMRF4
K2AK0EPRAA,UIYSUFHEIE
SJZD2WL0WC,PWO2MDRTZM
0OUSASFPYO,UX5WP1T8IU
CS8HDELBSI,W9ZP5ZIKMQ
RZ4P9YBADB,6THK94FG5B
OJ16T6ZNAG,1KRU5V3L54
60AHR48CIZ,O2HZKQIN94
H1ZQTM6JDY,5K9DLBTA8W
5TK2KFGT0K,9NPZR6930W
RQZBJ5517C,ULZXB6EYDA
FTTIDFAYZ3,N5GHKN5CQ9
6DLF9H3E4N,R1E5MHP1AA
6UK2BKBU1Z,28UWLOQU4P
QQS3NPRFPZ,1H99THV9XZ
M09KOX05ST,KKG9DP685R
BC75IV9GWG,RFID2U4QLU
DXURTEMX75,7JDEQ57CBT
I3QW75ENZ8,F3R9ZVEWCR
947CYCRF0E,GLHCG325FM
1O5QFNMSZN,52IUZDU5XW
ZJ11F0YCBS,35QAB5AR37
NKMPOXA9QP,2NVWA8ZYWO
513C2AUR3M,G1MNQOBIOS
WB0TP3W4JJ,1EQUXF306C
DML44SVZ98,Y33Z0A3LF4
NGSZZWJFH0,S9G4QGQG3Y
AI8QFHWWFK,JOL09FJZ0T
KCQ6WU2U3U,OTGC34J4BI
TWVXN27ML4,WFXK3YEZQ7
Z7VRH3DZDR,JHOCF4GGOE
P2JS8X99HQ,6JO34AILKU
H1POULKSHT,AV46LD77LO
F201JYZ2XJ,PZ765QZF5R
Y5ZO50P0PY,RFID2U4QLU
RWSEYX9CW6,3SHKUQCHP2
V0XU5T47Q3,PDJ9HN7IUF
J2N6U0QSOB,WFXK3YEZQ7
4N6KAOD3CZ,N41Q5U5N92
VDRRJ2K6L1,O4K2USN6NK
R7UAN6DINT,5YVF0HX48M
XC5AO27ZJI,Z2728J1Q35
V3779FKU69,K653V4YEXM
5H9WIQ1HEW,6HH4NU3D1E
O3J31L7XKX,EWY4H7B6O2
SN2JOUB01Z,SO1HAALNLH
RPFEVBI6H5,H7JAT64W55
FSEP3JSKLM,CJVAP67JNJ
JIZ24ER4OH,KKG9DP685R
C1P5WMYS08,XDDUB5N1XB
INRSX6K7IZ,TJ7HJ0PR82
UK3LSI2123,8P76KRJ68R
LE7OKOWP3R,LBTFYG9CBC
Z5RMEP70VQ,XCVCPRMN0H
IL8OA21T44,REIQPNGOB9
QP9JBDHWBS,WFXK3YEZQ7
V4EUOTTCBA,Y33Z0A3LF4
UD67J2PBTG,Q4JI26YUEN
M0ZD6LHZ0H,754SO7LJDE
NIKIXCR4H2,LBTFYG9CBC
R7I4PCY98N,GLHCG325FM
ZVZT7A9B36,5W6R9C8TPB
863D11UCND,28UWLOQU4P
R1QFEX09H2,D3WEWOFNQG
I7TZ7YO0UK,SIY8ML9BLG
NGE2I5E6Q0,8P76KRJ68R
73C8BFFTMI,HGZ2WWEUJI
G0FSPO5R9Z,V8GSY0HGJB
GQKQ7BR2B3,PQNYO55JLY
WF1TQM2K4E,04HO8VWR9K
BHDOUI5XTM,PUZ69UMRF4
1A5OO2ECN5,Z2728J1Q35
FYO4DAONZV,KHWMIGHNCR
PQ592UL50U,ZG4PLEIEPG
03ALB6JPBD,8L5A949VRJ
7PM09P4GSQ,GAXXR7QI1V
8DBGT7U08Q,C5OPT0ZRQM
DE3YN7LMWV,Q049O5G5NI
S9GTIYEL6U,N41Q5U5N92
KG9J03I1PV,YEQ5YRZC4E
XFIJ5RK8M2,SZYEFUKLSG
IPSQ7ZV57P,VDCXBG6YOR
DXBX5LN5CV,Y4X9HG53NF
V3QEJ7UV3J,MMQ9CH6LNN
SVRQMI6C67,1IJQR1MEEG
UHT8CSN2DM,LKZCHPIS49
JOWU7T4JL1,2FLTN5M90S
P92XQ0FGRF,UX5WP1T8IU
09TQ6GLGJ7,7S933Y0U4S
FE13D0GYDZ,KT5P4XHYC8
8ZWR8J9867,OOC15BIEPN
LI4RNZ5JN8,JT29T7HW5G
T2ZDQZP4GZ,KX0AG9WGH2
5SBGTW8D0L,BROEDS7IO2
L2RR7ZNHIS,7084D3IRMY
Q7EKEZLVW7,1WLGTRHG59
DVSA4Z3DA0,CQQ8C2VG4G
NOA2IDO1QP,JOL09FJZ0T
2M5K53IDQU,KT5P4XHYC8
4GCPBW722C,6U48NF6UPU
7GSDHN34FE,ZG4PLEIEPG
L7XULUVX8R,Z8J2DGBV50
MOCKOYJH9W,3JOEXAB9E8
88CVY5EC9T,E95XW49610
TK9NYX3HWR,JEILBAQKWA
QTB9S6BWF6,S0TMHP6FMI
Y1FAA1MQOW,IX7AZI8M7L
L5SB8LLXNF,Z8P8A5SXDH
L4X9UMDCZU,JOL09FJZ0T
ZUGXEJCQYM,UBX5XMO9P9
6U5ODK741Z,ZVG5PNE8O9
XGDSPS6GFE,F1JRWW4ZEU
SGZOA8H2IM,Y33Z0A3LF4
9M4YN9KTX8,79KX94Y6U2
S6CTIFHTV9,HBC35SDTHI
FADAUV26XY,MRBR1VKZ6F
CUJLS030W4,X3LKVAH5BE
BNA21NIS4X,67L8M0RYDE
6DSKBQTHUX,XRSIDTQY2N
CI2A0EZL4D,135JGVFYXM
QWSMKCRPNU,QLYUL1IDP3
NIR17EEQCO,W9ZP5ZIKMQ
YOJ4MJS09S,P8IACHEA70
6CF6ABCPSZ,YS29F765SC
FYDWJQ1HDU,HDHRB3EPLD
LQ2FQMI5YR,8NY1YDGNT0
0KSOM6J1DM,DLU5U5SWVE
3AUL303RDT,7ENH2VZ6AJ
X0C76ES5BO,0JGRKLH5RP
XU6OJZQGR4,KJ5IUXZD9T
6DA1MSTULE,6XPRYDUFLB
P0CPV5ZBVF,KHWMIGHNCR
08ENEGGXCF,VN3V5DNILG
3FJU7UTOWC,GLHCG325FM
TTXZL3Z9MB,7JDEQ57CBT
AWSUP9HI2U,MMQ9CH6LNN
0ML0EWPESA,HGESIZ9985
MXZ10GADP1,PDJ9HN7IUF
7AKVGJPHU6,N7S0OONGRF
HZR39ILQJ5,LR1SIO46WA
ZV653EBR17,1N737GN598
PFU0TVHI7E,28UWLOQU4P
8FVXFOKUAH,3TYYF5MFZH
PV1AW63PF0,C9GZDNE5R3
9ZYCX84NY7,OMA3ST7YPY
9OIRNXUATH,9IEA9YFSEI
8TZ48W726A,TE14EVG8PQ
DGORSIXI7I,L1LA0BFIDL
NHSMEAYSJD,MWVO8S3C1F
O5CK7C6G47,KGJLH1JEA2
XS8SRJAR9Q,E68ASNNOBU
6H28HB56RA,I9TVN1P15X
XOCJI8OJE2,E95XW49610
XYLJ0CFQ63,KPLZRH5L6S
1RIDPSDF8H,ZVG5PNE8O9
YA4TMI69XO,1VMUWUL9F7
4YL65ZRDAB,8R4THKCB9W
WCIO1WHBX2,BU85ZH2LLB
L3CW8FUU3S,8P76KRJ68R
SRCEYZ5NCB,IA0WOZ7N0R
DB3U8NRBSJ,ZNEKFZ94FA
3JAIV35PCN,N43HH2NNOY
AUK73LR1RQ,J3VOWI3L1X
B9S2GV407R,JZJHZBX9GD
IX7UPRZNVM,1U8Q97OEX8
IX5MYEA4ZV,75KDXAVIX0
IKINWLA7LG,XZFOZVPB0D
3GMUL43SY1,1KRU5V3L54
F4E0B0KCUX,D3WEWOFNQG
EUPGRPJT7J,ZNEKFZ94FA
DGPF56LJ7W,4ACMEMAXYX
6CYKK4AIBC,U33EGQO9N4
G9LNX0WH1O,OJVBYXRRGO
X2TFQA79FT,FKDRUW596H
9AD5IIBCEH,6P44DCZTSU
Q28OFG42LN,VPCOA4FZUK
J4ITII38ZD,WQIADI1S2N
AF9ZNL2WG2,CH3RC5AHKB
72V0FKNAQL,SODQ4FF7YI
B9VHASGY0O,BYEQPQ224X
STPLMKL5LJ,04T2QGT3JB
HHL7GE8V25,KUWVAN3C98
IDR28MJ8GB,A25JTYC42E
OZOWZDBPVZ,4GLUCM271I
27D3N7B68T,NKU39IANYY
J5FQHCH0TZ,N43HH2NNOY
ZRFJEZXAW9,W9ZP5ZIKMQ
PDPHY1K9D7,MWVO8S3C1F
QHEKY8MGNI,O05JQPQ8TQ
JQLC1RSR57,7PT6L13DN2
51EZPINLDK,VB2Y4ZFHFU
I0J59MLJHH,QLYUL1IDP3
J9J69P075A,LBTFYG9CBC
8LGHZKFVW0,TZJWG0NB2H
VXZHARYFRA,0AC1GPGLZL
4UDGAD7ZPO,DRL3I82HPU
GSK6E8QVJ5,CQQ8C2VG4G
R15C27TT9M,GQLRM6NT3Y
TTE4EQ8FVT,7SRKAHBJ9Y
56AAWP4I80,I9TVN1P15X
A1C37AQ5JR,IJC8432893
I6DKFD6XFO,O1876EYEJ8
MA0WDSSF37,2EE5GO4W3A
OPMXP3F9Q2,VPXFGV2ZQQ
F6YX8XXBHA,80LLEJ230X
8NXR9TRZFF,IA8FM778LA
RPKCQ0R6G6,KT5P4XHYC8
UOJGLL75A9,DS7RMVZCUK
ZWBSFRQOHS,F3R9ZVEWCR
PUYT31HIW2,H1AZ7J5D6S
UK1IZELG66,I1Z7FB5JIA
DHUOPQ4AJY,LWPLMUGM39
AQRQ8XGMBG,1EZE99BNQ5
ABWEQ0QWJT,9YNO1XLUA1
MRB0EUL834,IKEFGU3IVL
H32LPLYMBF,IA8FM778LA
QOYOPPJHDY,CJVAP67JNJ
QXEZTLMRFQ,UU9X79JZC0
IG8PFVKCW2,K15CUKFP0U
BCOGR57MVU,7SRKAHBJ9Y
