product_id,product_type,product_name,product_price,stock_quantity
QA453UWZVD,Snowboard Bags,Kulkea Talvi X Boot Bag,89.95,69
5PHQBG1WON,Snowboard Bags,Jones Expedition Board Bag,289.95,73
KACE1XZMKO,Snowboard Bags,Jones Adventure Board Bag,199.95,49
FCN0PBLEEJ,Snowboard Bags,Dakine Low Roller Snowboard Bag,139.95,52
Y13DXS12NI,Snowboard Bags,Dakine 50L Boot Pack,69.95,60
4A9OZXWTGS,Snowboard Bags,Dakine Heli Pro 20L Backpack,99.95,95
2AKNDKVH5U,Snowboard Bags,Roxy Northa Boot Bag - Women's,49.95,91
CDEYQNG0SL,Snowboard Bags,Nitro Tracker Wheelie Board Bag,189.95,18
V2KIYBHX1X,Snowboard Bags,Nitro Splitback 30L Pack,189.95,5
QO1Y73KOR8,Snowboard Bags,Nitro Slash 25L Pack,179.95,51
MJXNZ01RYN,Snowboard Bags,Nitro Lightsack Bag,49.95,20
GTRSJ6LGOX,Snowboard Bags,Nitro Sub Board Bag,79.95,55
ECUOA6PSKC,Snowboard Bags,Jones DSCNT 19L Backpack,159.95,56
XRO6V86CA6,Snowboard Bags,Jones DSCNT R.A.S. 32L Backpack,324.95,98
OH3VQ3UGK1,Snowboard Bags,Jones DSCNT 32L Backpack,229.95,60
N4UEU3O3BV,Snowboard Bags,Roxy Board Sleeve - Women's,79.95,98
17N7ZYEWXV,Snowboard Bags,Jones Escape Board Bag,139.95,62
YJG8O09OPD,Snowboard Bags,Jones DSCNT 25L Backpack,194.95,38
P9BJMYQH36,Snowboard Bags,Black Diamond Dawn Patrol 25L Backpack,179.95,41
5Q4EYFD1MV,Snowboard Bags,Roxy Vermont Boardbag - Women's,149.95,91
RTXZN3Z8KW,Snowboard Bindings,Union Exoframe 4.0 Ankle Strap Kit 2023,71.95,13
RBG9STORSK,Snowboard Bindings,Union Forged Carbon Highback Set 2023,159.95,16
X0W0UVB7TN,Snowboard Bindings,Union TS 2.0 Hexgrip Toe Strap Kit 2023,44.95,24
PVW7FXA5OG,Snowboard Bindings,Union Forma Elite Ankle Strap Kit 2023,59.95,2
KBSJ356S1H,Snowboard Bindings,Union TS 2.0 Ultragrip Toe Strap Kit 2023,44.95,47
ATI42G4IOL,Snowboard Bindings,Burton Channel Adapter Plate,44.95,93
QPDHKCG9E2,Snowboard Bindings,Union Emergency Repair Kit 2023,27.95,53
MGCKXA1VDL,Snowboard Bindings,Union Falcor 2.0 Highback Set 2023,109.95,48
DBEKTZ6J3R,Snowboard Bindings,Union TS 2.0 Rhombus Toe Strap Kit 2023,44.95,6
NEJQKHQYHB,Snowboard Bindings,Union Forma Lab Ankle Strap Kit 2023,71.95,63
NHIDC42R46,Snowboard Bindings,Union 3 Hole Disk Set 2023,15.95,81
CP3O8HPWV0,Snowboard Bindings,Union Toe Sawblade & Connector - New Gen Parts Kit 2023,10.95,47
DN3DS4AJH0,Snowboard Bindings,Union Expedition Emergency Parts Kit 2023,54.95,19
H5GH8JH6TN,Snowboard Bindings,Union Highback to Ankle Strap Hardware 2023,10.95,82
UGFF60ORKH,Snowboard Bindings,Union Classic Forward Lean Adjuster Kit 2023,10.95,91
OM4XN36UWA,Snowboard Bindings,Union Magnesium 3.0 Toe Ratchet Set 2023,28.95,89
9NNYYPYEWF,Snowboard Bindings,Union Universal V2 Disk Set 2023,15.95,15
NQERNKX7G6,Snowboard Bindings,Union Magnesium 3.0 Ankle Ratchet Set 2023,28.95,71
Z7HOQWZGB0,Snowboard Bindings,Union Ankle Sawblade & Connector - New Gen Parts Kit 2023,10.95,81
YG1TXE3LKE,Snowboard Bindings,Arbor Hemlock LTD Snowboard Bindings 2023,249.99,61
IGKQ16W0LO,Snowboard Tuning & Tools,SWIX P-Stick 10-Pack,13.95,2
I8S0M8TVGV,Snowboard Tuning & Tools,SWIX PS07 Violet Wax 60g,13.95,2
9J5GCL5KQQ,Snowboard Tuning & Tools,SWIX Medium Bronze Brush,25.95,58
9B6V7279AH,Snowboard Tuning & Tools,North Glidewax Cold 180g,15.95,36
GXLVVMGR68,Snowboard Tuning & Tools,Burton M6 Hardware Replacement,14.95,23
88GGI4OGQ1,Snowboard Tuning & Tools,One Ball Jay The Jesus Snowboard Wax - All Temp,11.95,15
891ER2RJ9N,Snowboard Tuning & Tools,SWIX F4-180 Glidewax 180g,29.95,61
94VG7X3U4P,Snowboard Tuning & Tools,mountainFLOW eco-wax Green Circle Wax Kit,69.95,66
GRIQA1X6EE,Snowboard Tuning & Tools,OneBall 4WD Warm Snowboard Wax - (32° to 26°F),11.95,22
XTDZXDE2F0,Snowboard Tuning & Tools,OneBall Reeses Snowboard Wax - All Temp,8.95,97
MW1BRKXW85,Snowboard Tuning & Tools,Dakine Nylon​/Cork Tuning Brush,14.95,2
EHD0GWL4L0,Snowboard Tuning & Tools,OneBall Eco Leaf Universal Wax,11.95,22
ZUTJMJRRYN,Snowboard Tuning & Tools,OneBall Beer Snowboard Wax - All Temp,14.95,61
ENKJMNKVJ8,Snowboard Tuning & Tools,SWIX Universal Performance Diamond Stone,15.95,88
PL7XZPUSBS,Snowboard Tuning & Tools,mountainFLOW eco-wax Cool Hot Wax - 10 to 25F,19.95,76
A4D0O6EZ7V,Snowboard Tuning & Tools,One Ball Jay Iron,49.95,31
FZASVGIN3E,Snowboard Tuning & Tools,SWIX F4-75C Glidewax Paste 75ml,14.95,43
Y3CL41KODI,Snowboard Tuning & Tools,SWIX World Cup Ski Vise,199.95,23
GKQKF2V01O,Snowboard Tuning & Tools,SWIX T1706 35g P-Stick,6.95,29
U6LX9KWAVB,Snowboard Tuning & Tools,Dakine Indy Hot Cold Wax,19.95,19
MSSFTJWTYA,Snowboard Boots,Salomon Launch Boa SJ Snowboard Boots 2023,319.95,90
A2B41EN1K6,Snowboard Boots,Burton Mint Boa Snowboard Boots - Women's 2023,249.95,53
CT5TJ80AMN,Snowboard Boots,DC Control Snowboard Boots 2023,289.95,93
EEL77C46J7,Snowboard Boots,DC Phase Boa Snowboard Boots 2023,229.95,55
PMQR4U8CSF,Snowboard Boots,thirtytwo TM-Two Double Boa Snowboard Boots - Women's 2023,419.95,28
8I93MURKN2,Snowboard Boots,Salomon Malamute Dual Boa Snowboard Boots 2023,449.95,96
3Y1HKD1EA8,Snowboard Boots,thirtytwo Light Snowboard Boots 2023,249.95,48
73OAEF1P7V,Snowboard Boots,thirtytwo Shifty Boa Snowboard Boots 2023,239.95,88
IXUOAJTMDZ,Snowboard Boots,thirtytwo Shifty Boa Snowboard Boots - Women's 2023,239.95,99
75Q9O0CM4N,Snowboard Boots,DC Judge Snowboard Boots 2023,359.95,9
NYG7521EMX,Snowboard Boots,thirtytwo Shifty Snowboard Boots 2023,199.95,50
ZSVCF0X9NH,Snowboard Boots,DC Phase Snowboard Boots 2023,179.95,21
GGGILWCONF,Snowboard Boots,DC Mutiny Snowboard Boots 2023,249.95,32
OD7LT4DWMW,Snowboard Boots,Union Cadet Snowboard Boots - Big Kids' 2023,179.95,27
551MI0EQCE,Snowboard Boots,Therm-ic C-Pack Replacement Clip,14.95,23
NYXYNN1VVI,Snowboard Boots,Therm-ic C-Pack 1300 Bluetooth Battery - Single Battery,129.95,29
YZUOEXWWQS,Snowboard Boots,Therm-ic C-Pack 1300 Battery - Single Battery,104.95,79
9TM6CIHHMX,Snowboard Boots,thirtytwo Lashed Snowboard Boots - Women's 2023,299.95,92
1KG9T71ZFK,Snowboard Boots,Salomon Dialogue Dual Boa Snowboard Boots 2023,369.95,48
3RG2IDJ1VX,Snowboard Boots,Nitro Chase Dual Boa Snowboard Boots 2023,439.95,32
G37WDQOXQ1,Snowboard Facemasks,Anon MFI Hooded Balaclava,79.95,7
PGWDNYDCA3,Snowboard Facemasks,Anon MFI Fleece Helmet Hood - Women's,74.95,49
LLOVJDABCG,Snowboard Facemasks,Anon MFI Fleece Helmet Hood,74.95,77
XZFMZ8KSB6,Snowboard Facemasks,Anon MFI Light-Weight Neck Warmer,39.95,9
UMW5P2OC7J,Snowboard Facemasks,Anon MFI Midweight Neckwarmer,64.95,47
WEFBDSOXCX,Snowboard Facemasks,Anon MFI Mesh Neckwarmer,29.95,3
H2Q7QRH6WM,Snowboard Facemasks,Anon MFI® Helmet Hood - Big Kids',74.95,86
JXAGMVQNJ3,Snowboard Facemasks,Burton Cora Hood - Women's,44.95,26
Y0WUO4RRK2,Snowboard Facemasks,Anon MFI® Midweight Neckwarmer,64.95,8
WEKNZSYBMM,Snowboard Facemasks,Anon MFI Lightweight Neckwarmer - Women's,39.95,75
BTDAO9N77Y,Snowboard Facemasks,Burton Cora Hood - Big Girls',29.95,80
EZ2FTVZWWQ,Snowboard Facemasks,Volcom Travelin Hood Thingy,44.00,76
1LGHT22HK8,Snowboard Facemasks,Burton AK Balaclava,39.95,68
NX9QUV8JOA,Snowboard Facemasks,Anon MFI Microfur Neck Warmer - Women's,59.95,49
Z96JGYFMWY,Snowboard Facemasks,Burton Cora Neck Warmer - Women's,29.95,38
NTPK9491RD,Snowboard Facemasks,Volcom Hydro Fleece Hood Thingy,40.00,5
49YQBC9Q87,Snowboard Facemasks,Burton Recycled All Day Long Neck Warmer,24.95,27
LYPDNR42FU,Snowboard Facemasks,Volcom Powclava Balaclava,38.00,10
KLCLJQOPTN,Snowboard Facemasks,Volcom Dang Hood Thingy - Women's,48.00,21
C4BSZG4KNA,Snowboard Facemasks,Volcom Advent Hoodie Balaclava - Women's,44.00,73
I99GJXNLZK,Snowboard Goggles,Anon Relapse Jr. MFI Goggles - Kids',119.95,94
2AEG96309W,Snowboard Goggles,Giro Axis Goggles,189.95,36
8ZPSEY9V6L,Snowboard Goggles,Anon Insight Goggles - Women's,109.95,64
1NSQJIY3J9,Snowboard Goggles,Anon WM3 MFI Low Bridge Fit Goggles - Women's,279.95,79
9YXQCTOZDY,Snowboard Goggles,Spy Marauder Goggles,210.00 - 240.00,25
0JFF4625XG,Snowboard Goggles,Anon M2 MFI Goggles,279.95,49
X17YEO5JFD,Snowboard Goggles,Anon WM1 MFI Goggles - Women's,279.95,31
A0WWD8JZD8,Snowboard Goggles,Anon Tracker 2.0 Goggles - Kids',59.95,2
JBVYTVO1A8,Snowboard Goggles,Salomon Radium Pro Goggles,199.95,44
SXTTCKEF7P,Snowboard Goggles,GoggleSoc Protective Goggle Cover,14.95,46
7SPB4KUBPM,Snowboard Goggles,Anon WM1 MFI Low Bridge Fit Goggles - Women's,279.95,90
13Y48U2A6C,Snowboard Goggles,evo Stone Magnetic Lens Goggles,139.99,58
0I2M7NAW08,Snowboard Goggles,Anon Sync Low Bridge Fit Goggles,199.95,78
DO2WKFLGB3,Snowboard Goggles,Smith I​/O MAG XL Low Bridge Fit Goggles,270.00,85
TXSNGS1RY4,Snowboard Goggles,Oakley Line Miner S Goggles,114.00 - 144.00,15
HQ3YZHUPCM,Snowboard Goggles,Sweet Protection Interstellar RIG Reflect Goggles,239.95 - 299.95,9
45301GZV4L,Snowboard Goggles,Scott Shield ​+ Extra Lens Goggles,129.95,3
WVHX89HR4Z,Snowboard Goggles,Von Zipper MACH VFS Goggles,160.00 - 170.00,10
JDGGZPT6CE,Snowboard Goggles,Scott LCG Compact Goggles,199.95,12
SOAXUHSM68,Snowboard Goggles,Oakley Flight Deck L Goggle Lens,75.00 - 105.00,9
TJ0GTMMTXB,Snowboard Helmets,Anon Rodan Helmet,139.95,47
JK3QL7OC0J,Snowboard Helmets,Giro Ledge MIPS Helmet ​+Giro Method Goggles,254.90,81
78O9F0PCD7,Snowboard Helmets,Oakley MOD 5 MIPS Helmet ​+ Flight Tracker XM Goggles,447.00,93
IJMLL9R384,Snowboard Helmets,Scott Chase 2 Plus MIPS Helmet,149.95 - 169.95,5
7J04JLRF3E,Snowboard Helmets,Oakley MOD 5 MIPS Helmet ​+ Flight Tracker L Goggles,447.00,30
GVQC4H60FT,Snowboard Helmets,Anon Merak WaveCel Helmet,319.95,52
2S0TYVAZ6E,Snowboard Helmets,Smith Scout Helmet,85.00,14
5AZE89DCX6,Snowboard Helmets,Anon Greta 3 Round Fit Helmet - Women's,84.95 - 89.95,64
VT1ZB5B28B,Snowboard Helmets,Anon Windham WaveCel Helmet,189.95,77
QXQOBJ0AP9,Snowboard Helmets,Scott Track Plus MIPS Helmet,119.95 - 139.95,96
NQ5CVCF9UW,Snowboard Helmets,Oakley MOD 1 Pro MIPS Helmet ​+ Line Miner L Goggles,321.00,97
UKDLOVUGKR,Snowboard Helmets,Scott Symbol 2 Plus MIPS Helmet,199.95,31
S94RM0PLS9,Snowboard Helmets,Smith Holt Jr. Helmet - Kids',70.00,90
LR4G76TNG3,Snowboard Helmets,Pret Cynic X2 MIPS Helmet,159.95,24
TQ4PK847X6,Snowboard Helmets,Anon Oslo WaveCel Helmet,219.95,94
CBVOJFR6BQ,Snowboard Helmets,Sweet Protection Switcher MIPS Helmet,269.95,29
5Y41KIW1IR,Snowboard Helmets,Giro Ledge MIPS Helmet ​+ Article Goggles,274.94,66
ADPUA05MO7,Snowboard Helmets,Pret Fury X MIPS Helmet,219.95,100
CJO4RC9ZZ1,Snowboard Helmets,Sweet Protection Looper MIPS Helmet ​+ Dragon PXV2 Goggles,419.90,69
26C4HXOYU9,Snowboard Helmets,Smith Maze MIPS Helmet ​+ Squad XL Goggles,305.00,17
DAMEZSHA99,Snowboard Jackets,The North Face Silvani Anorak,178.95,2
A9JKFJKXCM,Snowboard Jackets,Planks Overstoke Anorak - Women's,229.95,55
W9CB6QQ5X9,Snowboard Jackets,The North Face Summit Verbier FUTURELIGHT™ Jacket,649.95,45
E5PIS6J8VC,Snowboard Jackets,The North Face Summit Tsirku FUTURELIGHT™ Jacket,749.95,20
C0OTT7K4QK,Snowboard Jackets,The North Face ThermoBall™ Eco Snow Triclimate® Jacket,359.95,37
MN9SGV32Z4,Snowboard Jackets,The North Face Clement Triclimate® Jacket,299.95,90
U19GSCHTP1,Snowboard Jackets,The North Face Descendit Jacket - Women's,269.95,99
68CIT7ZR4Y,Snowboard Jackets,Helly Hansen Alpha 3.0 Jacket,475.00,62
FWVI4VNQ94,Snowboard Jackets,L1 Prowler Anorak - Women's,269.95,8
R4840CP07R,Snowboard Jackets,Mountain Hardwear Sky Ridge™ Gore-Tex Jacket,349.95,16
UST334UB0Q,Snowboard Jackets,The North Face Gatekeeper Jacket - Women's,299.95,85
XU8OIXA1CZ,Snowboard Jackets,The North Face Garner Triclimate® Jacket - Women's,319.95,72
4KJM6INXH6,Snowboard Jackets,Arc'teryx Thorium Hoodie,450.00,90
I7QMEWV813,Snowboard Jackets,The North Face Ceptor Jacket,399.95,34
1FEHMYCVIN,Snowboard Jackets,Helly Hansen Powchaser LifaLoft™ Jacket - Women's,350.00,72
5FAQKV1HU3,Snowboard Jackets,The North Face ThermoBall™ Eco Snow Triclimate® Jacket - Women's,359.95,56
73N61I0542,Snowboard Jackets,The North Face Dragline Jacket,424.95,17
F6NEPGRYSI,Snowboard Jackets,The North Face Superlu Jacket - Women's,198.95,80
FRTRJXKAEN,Snowboard Jackets,The North Face Printed Dragline Jacket,434.95,61
SJWJCNEQTU,Snowboard Jackets,The North Face Disere Down Parka - Women's,599.95,21
1PRWH9E252,Snowboard Pants & Bibs,The North Face Freedom Insulated Pants,168.95,93
PKPPUL62L0,Snowboard Pants & Bibs,The North Face Freedom Insulated Bibs - Women's,219.95,38
69SILLDZSI,Snowboard Pants & Bibs,The North Face Freedom Bibs,198.95,87
V24MSEOUK7,Snowboard Pants & Bibs,The North Face Freedom Short Bibs,198.95,55
TI4W0QVAO4,Snowboard Pants & Bibs,The North Face Freedom Bibs - Women's,198.95,13
OVQ3OYO2C2,Snowboard Pants & Bibs,The North Face Ceptor Bibs,399.95,29
L3O5GP6KNJ,Snowboard Pants & Bibs,The North Face Up & Over Pants,118.95,65
OCYD42IK6O,Snowboard Pants & Bibs,The North Face Freedom Tall Bibs,198.95,82
5BOPFUIBCS,Snowboard Pants & Bibs,Planks Fun-Garees Bibs - Women's,249.95,45
I8QQ54MSJB,Snowboard Pants & Bibs,The North Face Summit Stimson FUTURELIGHT™ Pants,449.95,89
5G043XX2QN,Snowboard Pants & Bibs,The North Face Freedom Insulated Pants - Women's,168.95,91
NM3TD5CEOL,Snowboard Pants & Bibs,The North Face Summit Verbier FUTURELIGHT™ Bib Pants,549.95,13
8ICCKRTYVU,Snowboard Pants & Bibs,The North Face Sally Pants - Women's,108.95,7
5KLXT09G7O,Snowboard Pants & Bibs,The North Face Summit Tsirku FUTURELIGHT™ Bib Pants,649.95,45
ZGZRT0X5ZV,Snowboard Pants & Bibs,Helly Hansen Legendary Insulated Pants - Women's,200.00,3
PMBNC2JMN7,Snowboard Pants & Bibs,The North Face Freedom Short Bibs - Women's,198.95,25
YQ4OMX93TG,Snowboard Pants & Bibs,The North Face Ceptor Short Bibs,399.95,41
GF9CSNGN05,Snowboard Pants & Bibs,The North Face Dragline Bibs,324.95,46
OB3JUND6LK,Snowboard Pants & Bibs,The North Face Ceptor Tall Bibs,399.95,73
SDS0UZ4GQC,Snowboard Pants & Bibs,L1 Loretta Overall Bibs - Women's,269.95,61
UOQB8BTDH5,Boys' Snowboards,Jones Prodigy Snowboard - Big Kids' 2023,279.95,84
HB78A92B6P,Boys' Snowboards,CAPiTA Children Of The Pow Snowboard - Kids' 2023,349.95,57
0R76RB2I0M,Boys' Snowboards,K2 Mini Turbo Snowboard - Little Boys' 2023,210.00,83
QJJGN9DB1S,Boys' Snowboards,Burton Grom Snowboard - Kids' 2023,229.95,5
C4E3S260H7,Boys' Snowboards,Nitro Ripper Snowboard - Little Kids' 2023,219.95,76
AF54ZEJO91,Boys' Snowboards,Arbor Cheater Rocker Snowboard - Kids' 2023,299.95,96
W88JP8WAH7,Boys' Snowboards,Yes. First Basic Snowboard - Kids' 2023,279.95,64
Z4USUSHQIR,Boys' Snowboards,Bataleon Stuntwood Snowboard - Kids' 2023,329.95,91
QEI7VTKYI2,Boys' Snowboards,CAPiTA Children Of The Gnar Snowboard - Kids' 2023,349.95,97
VAMXOFBUL0,Boys' Snowboards,GNU Young Money C2E Snowboard - Big Boys' 2023,399.99,92
71D9KYPYQR,Boys' Snowboards,Ride Zero Jr Snowboard - Kids' 2023,279.95,3
QBJKI4121A,Boys' Snowboards,Lib Tech Banana Blaster BTX Snowboard - Big Kids' 2023,349.99,95
LAV5BIYAIS,Boys' Snowboards,Jones Flagship Snowboard - Kids' 2023,399.95,36
UQAP2IFADD,Boys' Snowboards,Lib Tech Dynasword C3 Snowboard - Big Boys' 2023,399.99,42
IGMGOIE1RQ,Boys' Snowboards,Jones Youth Solution Splitboard - Kids' 2023,599.95,90
BJPSZ118BU,Boys' Snowboards,Bataleon Minishred Snowboard - Kids' 2023,249.95,41
85XQK4ZK6G,Boys' Snowboards,Jones Ultra Prodigy Snowboard - Kids' 2023,399.95,70
Y16NXGUWL7,Boys' Snowboards,Lib Tech T.Ripper C2 Snowboard 2023,499.99,100
Y4CNC9GM2T,Boys' Snowboards,Burton Mini Grom Snowboard - Little Kids' 2023,229.95,63
M3QLOXEUIG,Boys' Snowboards,K2 Lil Mini Snowboard - Little Boys' 2023,210.00,11
BE7AOSMFNS,Girls' Snowboards,Jones Prodigy Snowboard - Big Kids' 2023,279.95,78
XPL4PY2P0K,Girls' Snowboards,CAPiTA Children Of The Pow Snowboard - Kids' 2023,349.95,57
99954HKNN7,Girls' Snowboards,Burton Grom Snowboard - Kids' 2023,229.95,33
0D2R1LP0GY,Girls' Snowboards,Nitro Ripper Snowboard - Little Kids' 2023,219.95,14
H04SJBA3MO,Girls' Snowboards,Arbor Cheater Rocker Snowboard - Kids' 2023,299.95,80
HK3Z4YZUK3,Girls' Snowboards,Yes. First Basic Snowboard - Kids' 2023,279.95,8
7G9Y2JA8CP,Girls' Snowboards,Bataleon Stuntwood Snowboard - Kids' 2023,329.95,98
LGY1GELP2J,Girls' Snowboards,CAPiTA Children Of The Gnar Snowboard - Kids' 2023,349.95,73
UHX66JYL36,Girls' Snowboards,Ride Zero Jr Snowboard - Kids' 2023,279.95,17
OBO7OJ2BL0,Girls' Snowboards,Lib Tech Banana Blaster BTX Snowboard - Big Kids' 2023,349.99,3
SPVITAPWRN,Girls' Snowboards,Jones Flagship Snowboard - Kids' 2023,399.95,73
7QZRBQQKYF,Girls' Snowboards,Jones Youth Solution Splitboard - Kids' 2023,599.95,44
HMVLLUK4EI,Girls' Snowboards,Bataleon Minishred Snowboard - Kids' 2023,249.95,82
OP5BSKGS9P,Girls' Snowboards,Jones Ultra Prodigy Snowboard - Kids' 2023,399.95,98
MGJ7D0F8DI,Girls' Snowboards,K2 Kandi Snowboard - Girls' 2023,269.95,15
ZRPFV7NUEO,Girls' Snowboards,Burton Mini Grom Snowboard - Little Kids' 2023,229.95,74
3MHO4MQBTZ,Girls' Snowboards,Ride Lowride Snowboard - Kids' 2023,229.95,65
UQX8E035IA,Girls' Snowboards,Rossignol Scan Snowboard - Little Kids' 2023,239.95,67
X8D7QWB870,Girls' Snowboards,Nitro Ripper x Volcom Snowboard - Little Kids' 2023,239.95,98
0SQ3GMIYLW,Girls' Snowboards,GNU Recess Asym BTX Snowboard - Little Kids' 2023,349.99,67
379DZDYI70,Kids' Snowboards,Jones Prodigy Snowboard - Big Kids' 2023,279.95,82
OD38T2IFLS,Kids' Snowboards,CAPiTA Children Of The Pow Snowboard - Kids' 2023,349.95,59
J428K4OFJI,Kids' Snowboards,K2 Mini Turbo Snowboard - Little Boys' 2023,210.00,78
Z82ST6ULQ2,Kids' Snowboards,Burton Grom Snowboard - Kids' 2023,229.95,15
QYBNEL56SY,Kids' Snowboards,Nitro Ripper Snowboard - Little Kids' 2023,219.95,38
LKZ7UF4OJH,Kids' Snowboards,Arbor Cheater Rocker Snowboard - Kids' 2023,299.95,69
83OSKOOGS8,Kids' Snowboards,Yes. First Basic Snowboard - Kids' 2023,279.95,76
OOV3OC4FE2,Kids' Snowboards,Bataleon Stuntwood Snowboard - Kids' 2023,329.95,9
UGX0E3OVFA,Kids' Snowboards,CAPiTA Children Of The Gnar Snowboard - Kids' 2023,349.95,21
ULFIE12LZG,Kids' Snowboards,GNU Young Money C2E Snowboard - Big Boys' 2023,399.99,34
IHXGSB4EHT,Kids' Snowboards,Ride Zero Jr Snowboard - Kids' 2023,279.95,29
OEP4Y4DJ1S,Kids' Snowboards,Lib Tech Banana Blaster BTX Snowboard - Big Kids' 2023,349.99,18
LPOE0X948Z,Kids' Snowboards,Jones Flagship Snowboard - Kids' 2023,399.95,83
BY1Y954N1S,Kids' Snowboards,Lib Tech Dynasword C3 Snowboard - Big Boys' 2023,399.99,82
UQENWFJPCQ,Kids' Snowboards,Jones Youth Solution Splitboard - Kids' 2023,599.95,32
JEQZ90VSNW,Kids' Snowboards,Bataleon Minishred Snowboard - Kids' 2023,249.95,1
H2ZK122EQR,Kids' Snowboards,Jones Ultra Prodigy Snowboard - Kids' 2023,399.95,50
K72YTDRECP,Kids' Snowboards,Lib Tech T.Ripper C2 Snowboard 2023,499.99,75
WLJIKA51U2,Kids' Snowboards,K2 Kandi Snowboard - Girls' 2023,269.95,35
4TEBOUXM7F,Kids' Snowboards,Burton Mini Grom Snowboard - Little Kids' 2023,229.95,62
2QN9MQJH94,Women's Snowboards,Public Snowboards General Snowboard 2023,419.99,14
COM9T8OB61,Women's Snowboards,Cardiff Crane Enduro Splitboard 2023,900.00,40
BRKGPINBHJ,Women's Snowboards,Sims Bowl Squad Snowboard 2023,390.00,76
IDXOP4BUYQ,Women's Snowboards,Public Snowboards General X Jib Gurl Snowboard 2023,419.99,48
UR33CFPIID,Women's Snowboards,Sims Nub Snowboard 2023,620.00,16
DO2DH3GZWZ,Women's Snowboards,Roxy Raina LTD Snowboard - Blem - Women's 2023,399.99,22
3T1RVJV4SC,Women's Snowboards,Weston Revel x Jessa Gilbert Splitboard - Women's 2023,949.00,16
G40LGGGX23,Women's Snowboards,Weston Riva Splitboard - Women's 2023,949.00,86
T7XFLEN390,Women's Snowboards,Coalition Snow Myth Snowboard - Women's 2023,499.00,37
76MI7XBF9Y,Women's Snowboards,Weston Eclipse Splitboard - Women's 2023,949.00,87
MMKKX2A630,Women's Snowboards,Coalition Snow Queen Bee Rebel Girls Snowboard - Women's 2023,499.00,91
LRGKCS7LKQ,Women's Snowboards,Cardiff Lynx Boundary Snowboard 2023,560.00,48
VNHACMHV3J,Women's Snowboards,Weston Revel x Jessa Gilbert Snowboard - Women's 2023,624.00,95
XAS2Z1K0QV,Women's Snowboards,Cardiff Goat Enduro Splitboard 2023,900.00,2
DJYYG176A8,Women's Snowboards,Cardiff Goat Pro Carbon Splitboard 2023,"1,350.00",35
CPJ239R6TX,Women's Snowboards,Cardiff Crane Pro Carbon Splitboard 2023,"1,350.00",22
C2P7IDVRTL,Women's Snowboards,Sims ATV Snowboard 2023,520.00,40
76IK90MLMQ,Women's Snowboards,K2 X Brain Dead Excavator Snowboard 2023,549.95,26
LFG0X1L5BK,Women's Snowboards,Cardiff Lynx Boundary Splitboard 2023,750.00,93
C41CN6M5BI,Women's Snowboards,WNDR Alpine BelleAire Snowboard 2023,599.00,40
